winkel,straat,plaats
Jumbo Aalsmeer Ophelialaan,Ophelialaan 124,1431 HN Aalsmeer
Jumbo Aalst Paul en Marjon Houben,Hortensialaan 2,5582 CL Aalst
Jumbo Aalten Leussink,Admiraal de Ruyterstraat 10,7122 WJ Aalten
Jumbo Aardenburg Ingels,Peurssensstraat 21,4527 BK Aardenburg
Jumbo Alkmaar Duijvelshoff,Muiderwaard 416,1824 XT Alkmaar
Jumbo Alkmaar J. Naberstraat,J. Naberstraat 49-51,1827 LB Alkmaar
Jumbo Alkmaar Paardenmarkt,Paardenmarkt 2,1811 KH Alkmaar
Jumbo Alkmaar Winkelwaard,Winkelwaard 486,1824 HX Alkmaar
Jumbo Almelo Bornerbroeksestraat,Bornerbroeksestraat 79,7601 BD Almelo
Jumbo Almere Waterwijk Geinplein,Geinplein 32-37,1316 HC Almere
Jumbo Almere-Buiten Detroitpad,Detroitpad 1,1334 KB Almere-Buiten
Jumbo Almere-Haven Jaagmeent,Jaagmeent 250,1356 AZ Almere-Haven
Jumbo Alphen aan den Rijn Ten Brink Food,Herenhof 183,2402 DK Alphen aan den Rijn
Jumbo Amerongen Koenestraat,Koenestraat 36,3958 XH Amerongen
Jumbo Amersfoort Den Blanken Emiclaer,Emiclaerhof 248,3823 ET Amersfoort
Jumbo Amersfoort Den Blanken Nieuwland,Zonnewijzer 21,3824 EE Amersfoort
Jumbo Amersfoort Leusderweg,Leusderweg 152,3817 KD Amersfoort
Jumbo Amersfoort Neptunusplein,Neptunusplein 66A,3814 BR Amersfoort
Jumbo Amersfoort Pieter Stastokerf,Pieter Stastokerf 6-8,3813 PR Amersfoort
Jumbo Amersfoort Vathorst,Paulinapolder 1,3825 LS Amersfoort
Jumbo Amersfoort Wiekslag,Wiekslag 261,3815 GK Amersfoort
Jumbo Amstelveen Groenhof,Groenhof 165,1186 EZ Amstelveen
Jumbo Amstelveen Veenbrink,Rembrandtweg 617-635,1181 GV Amstelveen
Jumbo Amsterdam Baarsjesweg,Baarsjesweg 303-305,1058 AH Amsterdam
Jumbo Amsterdam Buikslotermeerplein,Buikslotermeerplein 52,1025 EW Amsterdam
Jumbo Amsterdam Buitenveldertselaan,Buitenveldertselaan 184,1081 AC Amsterdam
Jumbo Amsterdam City Markelerbergpad,Markelerbergpad 1,1105 AW Amsterdam
Jumbo Amsterdam City Wolvenstraat,Wolvenstraat 32,1016 EP Amsterdam
Jumbo Amsterdam De Aker,Pieter Calandlaan 808,1060 TZ Amsterdam
Jumbo Amsterdam Eerste Constantijn Huygensstraat,1e Constantijn Huygensstraat 55H,1054 BS Amsterdam
Jumbo Amsterdam Ferdinand Bolstraat,Ferdinand Bolstraat 89B,1072 LD Amsterdam
Jumbo Amsterdam Foodmarkt,Gedempt Hamerkanaal 223,1021 KP Amsterdam
Jumbo Amsterdam H. Jacobszstraat,H. Jacobszstraat 9,1075 PA Amsterdam
Jumbo Amsterdam Linnaeusstraat,Linnaeusstraat 245,1093 ER Amsterdam
Jumbo Amsterdam Oostelijke Handelskade,Oostelijke Handelskade 1005,1019 BW Amsterdam
Jumbo Amsterdam Osdorpplein,Osdorpplein 1014,1068 TG Amsterdam
Jumbo Amsterdam Plein '40-'45,Plein '40-'45 12,1063 KR Amsterdam
Jumbo Amsterdam Reigersbos,Reigersbos 196,1107 ET Amsterdam
Jumbo Amsterdam Spaarndammerstraat,Spaarndammerstraat 544,1013 TH Amsterdam
Jumbo Amsterdam Stadhouderskade,Stadhouderskade 93,1073 AV Amsterdam
Jumbo Amsterdam Velu,Kastelenstraat 70,1083 CD Amsterdam
Jumbo Amsterdam Westerstraat,Westerstraat 98-102,1015 MN Amsterdam
Jumbo Amsterdam Wisseloord,Wisseloord 126,1106 MC Amsterdam
Jumbo Anna Paulowna Molengang,Molengang 10-14,1761 BV Anna Paulowna
Jumbo Apeldoorn De Eglantier,De Eglantier 606,7329 DN Apeldoorn
Jumbo Apeldoorn Jumbo Wiegmans Apeldoorn,Korianderplein 61,7322 NB Apeldoorn
Jumbo Apeldoorn Van de Bunt,Schubertplein 1-5,7333 DJ Apeldoorn
Jumbo Appingedam Harddraversplein,Harddraversplein 1-5,9902 CX Appingedam
Jumbo Arnemuiden van Overveld,Clasinastraat 5,4341 ER Arnemuiden
Jumbo Arnhem Amsterdamseweg,Amsterdamseweg 33,6814 GB Arnhem
Jumbo Arnhem De Lely,Dr. C. Lelyweg 9-13,6827 BH Arnhem
Jumbo Arnhem Elderveldplein,Elderveldplein 12,6843 JA Arnhem
Jumbo Arnhem Oostburgwal,Oostburgwal 12,6845 CZ Arnhem
Jumbo Arnhem Op het Toneel,Op het Toneel 2,6836 ND Arnhem
Jumbo Arnhem Rosendaalseweg,Rosendaalseweg 696,6824 KT Arnhem
Jumbo Assen Citadel,Kroonwerk 19,9401 BA Assen
Jumbo Assen Kleuvenstee,Kleuvenstee 106,9403 LS Assen
Jumbo Assen Nijlandstraat,Nijlandstraat 141,9401 AL Assen
Jumbo Assen Nobellaan,Nobellaan 259,9406 AJ Assen
Jumbo Baarle-Nassau Bresser St. Annaplein,St. Annaplein 15,5111 CA Baarle-Nassau
Jumbo Baarn Den Blanken,Laanstraat 87,3743 BC Baarn
Jumbo Bakel Auerschootseweg,Auerschootseweg 17,5761 EG Bakel
Jumbo Balkbrug Nanning,Ommerweg 2,7707 AV Balkbrug
Jumbo Barendrecht Carnisselande,van Beuningenhaven 4,2993 EH Barendrecht
Jumbo Barendrecht Onderlangs,Onderlangs 44,2991 EM Barendrecht
Jumbo Barneveld Amersfoortsestraat,Amersfoortsestraat 70,3772 CK Barneveld
Jumbo Barneveld Buru,Buru 40,3772 EX Barneveld
Jumbo Barneveld Nieuwe Markt,Nieuwe Markt 5,3771 CB Barneveld
Jumbo Bathmen Johan Mensink,Larenseweg 18,7437 BM Bathmen
Jumbo Bedum Noordwolderweg,Noordwolderweg 7,9781 AD Bedum
Jumbo Beek en Donk Laarbeek,Heuvelplein 73,5741 JJ Beek en Donk
Jumbo Beilen Mulder Ventweg,Ventweg Zuid 3,9411 ZZ Beilen
Jumbo Belfeld Muldersplein,Muldersplein 10,5951 CZ Belfeld
Jumbo Bemmel Kloosterplaats,Kloosterplaats 1,6681 BN Bemmel
Jumbo Beneden-Leeuwen Nijverheidsstraat,Nijverheidsstraat 4,6658 EM Beneden-Leeuwen
Jumbo Bergeijk Elsenhof,Elsenhof 50,5571 LA Bergeijk
Jumbo Bergen op Zoom De Parade,Burg. van Hasseltstraat 1,4611 BG Bergen op Zoom
Jumbo Bergen op Zoom Het Kompas,Vogelaar 29,4617 LG Bergen op Zoom
Jumbo Berghem Burg. van Erpstraat,Burg. van Erpstraat 10,5351 AW Berghem
Jumbo Berghem Centrum,Meester Gielenplein 1-3,5351 EH Berghem
Jumbo Bergschenhoek Dorpsstraat,Dorpsstraat 39,2661 CE Bergschenhoek
Jumbo Berkel Enschot Koningsoord,Koningsoord 64,5057 DK Berkel Enschot
Jumbo Berkel en Rodenrijs Esdoornlaan,Esdoornlaan 1,2651 RC Berkel en Rodenrijs
Jumbo Berkel en Rodenrijs Westpolderstraat,Westpolderstraat 86,2652 KW Berkel en Rodenrijs
Jumbo Berlicum Mercuriusplein,Mercuriusplein 67,5258 AW Berlicum
Jumbo Best Eindhovenseweg Zuid,Eindhovenseweg Zuid 63,5683 PW Best
Jumbo Beuningen Kalkman,Thorbeckeplein 14,6641 CA Beuningen
Jumbo Bladel Gindrapassage,Gindrapassage 18,5531 CP Bladel
Jumbo Bleiswijk Dorpsstraat,Dorpsstraat 39,2665 BG Bleiswijk
Jumbo Bodegraven Langerak Broekvelden,Vromade 27,2411 LG Bodegraven
Jumbo Bodegraven Langerak Raadhuisplein,Raadhuisplein 15,2411 BD Bodegraven
Jumbo Bolsward Snekerstraat,Snekerstraat 14,8701 XD Bolsward
Jumbo Born Kapelweg,Kapelweg 4a,6121 JB Born
Jumbo Boxmeer Burg. Verkuijlstraat,Burg. Verkuijlstraat 26-32,5831 EK Boxmeer
Jumbo Boxtel Oosterhof,Oosterhof 19,5283 BV Boxtel
Jumbo Breda Baliendijk,Baliendijk 20,4816 GD Breda
Jumbo Breda Belcrumweg,Belcrumweg 5-7,4815 HA Breda
Jumbo Breda Cypresstraat,Cypresstraat 21,4814 PN Breda
Jumbo Breda De Burcht,De Burcht 20,4834 HE Breda
Jumbo Breda De Donk,Donk 4,4824 CS Breda
Jumbo Breda Dr. Struyckenplein,Dr. Struyckenplein 60,4812 TA Breda
Jumbo Breda Foodmarkt,Rat Verleghstraat 4,4815 NZ Breda
Jumbo Breda Heksenwaag,Heksenwaag 37,4823 JT Breda
Jumbo Breda Moerwijk,Moerwijk 23,4826 HN Breda
Jumbo Breda WC Princenhage,Pastoor van Spaandonkstraat 60,4813 BS Breda
Jumbo Breskens Burg. van Zuyenstraat,Burg. van Zuyenstraat 79,4511 GL Breskens
Jumbo Breukelen Peter Bogers,Karel Doormanweg 10-25,3621 JX Breukelen
Jumbo Brielle Thoelaverweg,Thoelaverweg 1,3231 KD Brielle
Jumbo Brummen Ambachtstraat,Ambachtstraat 38,6971 BR Brummen
Jumbo Budel Jumbo Hesselberth,Capucijnerplein 17,6021 CA Budel
Jumbo Bunschoten-Spakenburg de Ziel,de Ziel 45-51,3751 BT Bunschoten-Spakenburg
Jumbo Burgum Markt,Markt 38,9251 JS Burgum
Jumbo Cadier en Keer Rijksweg,Rijksweg 27,6267 AD Cadier en Keer
Jumbo Capelle aan den IJssel Wingerd,Wingerd 251,2906 TH Capelle aan den IJssel
Jumbo Capelle ad IJssel Koperwiek,Koperwiek 35,2903 AD Capelle ad IJssel
Jumbo Coevorden Ing. A. Vonkweg,Ing. A. Vonkweg 6-8,7741 KA Coevorden
Jumbo Coevorden Rene Kromkamp,EDS-Plein 3,7741 KH Coevorden
Jumbo Colmschate Jumbo Hans Kok,Flora 2,7422 LL Colmschate
Jumbo Cuijk Wijk Heeswijkse Kampen,Lavendel 382,5432 DW Cuijk
Jumbo Culemborg Vianensestraat,Vianensestraat 5,4101 XA Culemborg
Jumbo Dalfsen Kamphuis,Wilhelminastraat 18,7721 CH Dalfsen
Jumbo De Koog (Texel) Nikadel,Nikadel 73,1796 BR De Koog (Texel)
Jumbo De Lier Oranjeplein,Oranjeplein 40,2678 GP De Lier
Jumbo De Meern Mereveldplein,Mereveldplein 3,3454 CJ De Meern
Jumbo Dedemsvaart Jumbo Joosten Dedemsvaart,Markt 32,7701 GW Dedemsvaart
Jumbo Delft Bastiaansplein,Bastiaansplein 135,2611 DC Delft
Jumbo Delft Buitenhof,Vrijheidslaan 1,2625 RD Delft
Jumbo Delft Tanthof,Dasstraat 9,2623 CB Delft
Jumbo Delft Troelstralaan,Troelstralaan 9,2624 ET Delft
Jumbo Delfzijl Jachtlaan,Jachtlaan 4-10,9934 JB Delfzijl
Jumbo Delfzijl de Wending,de Wending 11,9933 KM Delfzijl
Jumbo Den Bosch De Rompertpassage,Rompertpassage 21,5233 AN Den Bosch
Jumbo Den Bosch Helftheuvelpassage,Helftheuvelpassage 346,5224 AR Den Bosch
Jumbo Den Bosch Hofvijver,Hofvijver 2,5223 MC Den Bosch
Jumbo Den Bosch Lokerenpassage,Lokerenpassage 138,5235 KS Den Bosch
Jumbo Den Bosch Pettelaarseweg,Pettelaarseweg 375-377,5216 BM Den Bosch
Jumbo Den Bosch Rivierenplein,Rivierenplein 26,5215 CZ Den Bosch
Jumbo Den Bosch Visstraat,Visstraat 54,5211 DN Den Bosch
Jumbo Den Burg (Texel) Vogelenzang,Vogelenzang 11,1791 EZ Den Burg (Texel)
Jumbo Den Dungen Maaskantje,Maaskantje 29,5271 XD Den Dungen
Jumbo Den Haag Alphons Diepenbrockhof,Alphons Diepenbrockhof 6,2551 KE Den Haag
Jumbo Den Haag Anemoonstraat,Anemoonstraat 4,2565 DD Den Haag
Jumbo Den Haag City Frederik Hendriklaan,Frederik Hendriklaan 87,2582 BW Den Haag
Jumbo Den Haag City Grote Marktstraat,Grote Marktstraat 24,2511 BJ Den Haag
Jumbo Den Haag De Stede,De Stede 21,2543 BG Den Haag
Jumbo Den Haag Laakweg,Laakweg 126,2521 SC Den Haag
Jumbo Den Haag Leyweg,Leyweg 922K,2545 GV Den Haag
Jumbo Den Haag Mieremet,Volendamlaan 670,2547 CK Den Haag
Jumbo Den Haag Stationsplein,Stationsplein 1,2515 BT Den Haag
Jumbo Den Haag Weimarstraat,Weimarstraat 180,2562 HP Den Haag
Jumbo Den Haag Ypenburg,Oude Kustlijn 6,2496 SE Den Haag
Jumbo Den Ham Rudy Veldkamp,Grotestraat 2,7683 BB Den Ham
Jumbo Denekamp Kuipers,Lange Voor 10,7591 GE Denekamp
Jumbo Deurne De Koolhof,Schelde 40,5751 VH Deurne
Jumbo Deurne Stationsstraat,Stationsstraat 43,5751 HB Deurne
Jumbo Deventer De Boreel,Boreelplein 4,7411 EH Deventer
Jumbo Deventer Eddie Dijkman,Constantijn Huygensstraat 2,7412 MH Deventer
Jumbo Diemen Gruttoplein,Gruttoplein 9,1113 HL Diemen
Jumbo Diemen Kruidenhof,Kruidenhof 26,1112 PS Diemen
Jumbo Dieren Diderna,Diderna 44,6951 CW Dieren
Jumbo Dinxperlo Heelweg,Heelweg 73,7091 BT Dinxperlo
Jumbo Doetinchem J.F. Kennedylaan,J.F. Kennedylaan 62,7009 HA Doetinchem
Jumbo Dokkum Hantumerweg,Hantumerweg 14,9101 AB Dokkum
Jumbo Dongen Looiersplein,Looiersplein 25,5104 GN Dongen
Jumbo Dongen Mgr. Schaepmanlaan,Mgr. Schaepmanlaan 8,5104 JZ Dongen
Jumbo Doorn Plein 1923,Plein 1923 26,3941 ES Doorn
Jumbo Doorwerth De Weerd,Mozartlaan 66,6865 GC Doorwerth
Jumbo Dordrecht Krispijnseweg,Krispijnseweg 68,3314 KL Dordrecht
Jumbo Dordrecht Merwedestraat,Merwedestraat 50,3313 CS Dordrecht
Jumbo Dordrecht P.A. de Kokplein,P.A. de Kokplein 127,3318 JW Dordrecht
Jumbo Dordrecht Slangenburg,Slangenburg 5,3328 DN Dordrecht
Jumbo Drachten De Drait,Eems 30,9204 JX Drachten
Jumbo Drachten Stationsweg,Stationsweg 164,9201 GT Drachten
Jumbo Dreumel Ekershof,Ekershof 5,6621 CJ Dreumel
Jumbo Driebergen De Sluis,De Sluis 12,3972 CV Driebergen
Jumbo Dronten De Binnenloop,De Binnenloop 10,8254 KL Dronten
Jumbo Dronten De Wardhof,Wardhof 8,8251 TH Dronten
Jumbo Drunen Aalbersestraat,Aalbersestraat 5,5151 EE Drunen
Jumbo Drunen Grotestraat,Grotestraat 164B,5151 BP Drunen
Jumbo Druten Marktpassage,Marktpassage 15,6651 VD Druten
Jumbo Duiven Gradussen Eilandplein,Eilandplein 508,6922 ER Duiven
Jumbo Duiven Gradussen Pastoriestraat,Pastoriestraat 2,6921 BX Duiven
Jumbo Echt Zuiderpoort,Zuiderpoort 31,6101 KA Echt
Jumbo Ede Bellestein,Bellestein 63,6714 DP Ede
Jumbo Ede Hoog Maanen,Hoog Maanen 45,6717 HZ Ede
Jumbo Ede Stadspoort,Stadspoort 45,6716 RH Ede
Jumbo Eelde Jumbo Pepping Eelde,Stoffer Holtjerweg 1,9761 CA Eelde
Jumbo Eerbeek Loenenseweg,Loenenseweg 3,6961 CL Eerbeek
Jumbo Eersel Jan Daris,Willibrorduslaan 8,5521 KC Eersel
Jumbo Egmond aan Zee Voorstraat,Voorstraat 90,1931 AN Egmond aan Zee
Jumbo Eibergen Brink,Brink 35,7151 CR Eibergen
Jumbo Eindhoven Belgiëplein,BelgiÃ«plein 21,5628 XJ Eindhoven
Jumbo Eindhoven Biarritzplein,Biarritzplein 37,5627 LE Eindhoven
Jumbo Eindhoven Boschdijk,Boschdijk 289,5612 HD Eindhoven
Jumbo Eindhoven Boutenslaan,Boutenslaan 56,5615 KT Eindhoven
Jumbo Eindhoven Geldropseweg,Geldropseweg 103,5611 SE Eindhoven
Jumbo Eindhoven Gerretsonplein,Gerretsonplein 67,5624 JP Eindhoven
Jumbo Eindhoven Kastelenplein,Kastelenplein 86,5653 LR Eindhoven
Jumbo Eindhoven Meerwater,Meerwater 8,5658 LM Eindhoven
Jumbo Eindhoven Nederlandplein,Nederlandplein 103,5628 AJ Eindhoven
Jumbo Eindhoven Pagelaan,Pagelaan 9,5641 CB Eindhoven
Jumbo Eindhoven Stationsplein,Stationsplein 24-01,5611 AC Eindhoven
Jumbo Eindhoven Victoriapark,Victoriapark 90,5611 BM Eindhoven
Jumbo Eindhoven WC Woensel,Winkelcentrum Woensel 1,5625 AA Eindhoven
Jumbo Elburg Gerrit Roeke,Zwolscheweg 1,8081 CG Elburg
Jumbo Elst Europaplein,Europaplein 22,6662 DD Elst
Jumbo Elst Macleane Westeraam,Basilica 19,6661 TT Elst
Jumbo Emmeloord Lange Nering,Lange Nering 83,8302 EB Emmeloord
Jumbo Emmeloord Odink,Europalaan 33,8303 GH Emmeloord
Jumbo Emmen Houtweg,Houtweg 296,7823 PV Emmen
Jumbo Emmen Statenweg,Statenweg 33,7824 CS Emmen
Jumbo Emmen Valkenveld,Valkenveld 50,7827 HC Emmen
Jumbo Emmen Weerdingerstraat,Weerdingerstraat 232B,7811 CE Emmen
Jumbo Emmen Wilhelminastraat,Wilhelminastraat 7,7811 JA Emmen
Jumbo Enschede Akkerstraat,Akkerstraat 1,7545 GW Enschede
Jumbo Enschede Brouwerijplein,Brouwerijplein 55,7523 MA Enschede
Jumbo Enschede Burgemeester van Veenlaan,Burgemeester van Veenlaan 100,7543 AB Enschede
Jumbo Enschede Irene Promenade,Noorderhagen 75,7511 EK Enschede
Jumbo Enschede Kuipersdijk,Kuipersdijk 118,7512 CL Enschede
Jumbo Enschede Lage Bothofstraat,Lage Bothofstraat 161,7533 AS Enschede
Jumbo Enschede Stokhorst,Magnoliastraat 100,7531 KA Enschede
Jumbo Enschede Wesselernering,Wesselernering 21,7544 JB Enschede
Jumbo Epe Jumbo van Andel,Gruttersplein 15,8161 HN Epe
Jumbo Etten-Leur Geerkade,Geerkade 9,4871 CK Etten-Leur
Jumbo Etten-Leur Kerkwerve,Kerkwerve 25,4873 CE Etten-Leur
Jumbo Eygelshoven Portbeemden,Portbeemden 1,6471 EX Eygelshoven
Jumbo Fijnaart Gert Driesen,Kadedijk 120,4793 RR Fijnaart
Jumbo Gameren Jumbo Bommelerwaard,Middelkampseweg 6,5311 PC Gameren
Jumbo Geffen Jumbo van der Sangen,Aloysiusplein 1,5386 BD Geffen
Jumbo Geldrop Verhagen,Coevering 5,5665 GA Geldrop
Jumbo Geleen Pastoor Vonckenstraat,Pastoor Vonckenstraat 9,6166 CV Geleen
Jumbo Geleen Penders,Bloemenmarkt 32,6163 CG Geleen
Jumbo Gemert Past.Poellplein,Past.Poellplein 9,5421 PL Gemert
Jumbo Gennep Europaplein,Europaplein 10B,6591 AV Gennep
Jumbo Gieten Jumbo Abbas,Stationsstraat 37,9461 GR Gieten
Jumbo Gilze Hapers Gilze,Niewstraat 109,5126 CC Gilze
Jumbo Glanerbrug Lochan,Schoolstraat 60,7534 CC Glanerbrug
Jumbo Goes Foodmarkt,Van Doornestraat 2,4462 EX Goes
Jumbo Goes Marconistraat,Marconistraat 1-2,4461 HH Goes
Jumbo Goirle De Hovel,De Hovel 16,5051 NP Goirle
Jumbo Goor Leussink,van Kollaan 7,7471 DP Goor
Jumbo Gorinchem Piazza Center,Piazza Center 22-30,4204 BP Gorinchem
Jumbo Gorredijk Badweg,Badweg 34,8401 BL Gorredijk
Jumbo Gorssel Brinkman,Nijverheidsstraat 22,7213 DB Gorssel
Jumbo Gouda Bloemendaal,Ruigenburg 2,2804 VT Gouda
Jumbo Gouda Sportlaan,Sportlaan 4a,2806 HC Gouda
Jumbo Grave Essinklaan,Essinklaan 72,5361 JT Grave
Jumbo Grijpskerk Schoutstraat,Schoutstraat 5,9843 BD Grijpskerk
Jumbo Groenlo Bennink,Den Koem 2,7141 VW Groenlo
Jumbo Groesbeek De Meent,De Meent 1,6562 CZ Groesbeek
Jumbo Groningen Beren,Beren 85,9714 DW Groningen
Jumbo Groningen Foodmarkt,Boumaboulevard 525,9723 ZS Groningen
Jumbo Groningen Oosterpark,Linnaeusplein 55,9713 GP Groningen
Jumbo Groningen Oosterstraat,Oosterstraat 58,9711 NX Groningen
Jumbo Groningen Overwinningsplein,Overwinningsplein 7,9728 GP Groningen
Jumbo Groningen Reitdiephaven,Reitdiephaven 261,9746 RE Groningen
Jumbo Groningen Wilhelminakade,Wilhelminakade 21,9717 AB Groningen
Jumbo Grou Stationsweg,Stationsweg 38F,9001 EH Grou
Jumbo Haaksbergen Leussink,Stationsstraat 12,7481 JA Haaksbergen
Jumbo Haaren Driehoeven,Driehoeven 56,5076 BJ Haaren
Jumbo Haarlem City Gedempte Oude Gracht,Gedempte Oude Gracht 66,2011 GT Haarlem
Jumbo Haarlem Engelenburg,Engelenburg 70,2036 RS Haarlem
Jumbo Haarlem Kruisstraat,Kruisstraat 51,2011 PW Haarlem
Jumbo Hank Kerkstraat,Kerkstraat 43,4273 CA Hank
Jumbo Hapert Markt,Markt 26,5527 EN Hapert
Jumbo Hardenberg Adm Helfrichstraat,Adm Helfrichstraat 1,7772 BV Hardenberg
Jumbo Harderwijk Drielanden,Triasplein 83,3845 GD Harderwijk
Jumbo Harderwijk Nassaulaan,Nassaulaan 10,3843 DC Harderwijk
Jumbo Harderwijk Stadsweiden,Achterste Wei 3,3844 HR Harderwijk
Jumbo Haren Anjerplein,Anjerplein 31,9753 GT Haren
Jumbo Haren Kroonkampweg,Kroonkampweg 10,9752 KH Haren
Jumbo Harlingen Spoorstraat,Spoorstraat 1,8861 XX Harlingen
Jumbo Hasselt Mulder,Buiten de Venepoort 5,8061 KM Hasselt
Jumbo Hazerswoude Rijndijk Da Costasingel,Da Costasingel 34-36,2394 BL Hazerswoude Rijndijk
Jumbo Hedel Kasteellaan,Kasteellaan 5,5321 GL Hedel
Jumbo Heel Roel Heerschap,Dorpsstraat 21,6097 AL Heel
Jumbo Heemskerk Haydnplein,Haydnplein 8,1962 KE Heemskerk
Jumbo Heerde Stationsstraat,Stationsstraat 29,8181 CW Heerde
Jumbo Heerenveen De Greiden,Jister 29,8446 CE Heerenveen
Jumbo Heerenveen Molenplein,Molenplein 27,8442 LM Heerenveen
Jumbo Heerhugowaard Centrumwaard,Middenweg 245,1701 GC Heerhugowaard
Jumbo Heerlen Heerlen Maanplein,Spoorsingel 81,6412 AA Heerlen
Jumbo Heesch Schoonstraat,Schoonstraat 8,5384 AN Heesch
Jumbo Heeswijk Dinther St. Servatiusstraat,St. Servatiusstraat 39,5473 GA Heeswijk Dinther
Jumbo Heinkenszand Stenevate,Stenevate 2,4451 KB Heinkenszand
Jumbo Hellevoetsluis De Struytse Hoeck,Struijtse Hoeck 349,3223 DE Hellevoetsluis
Jumbo Hellevoetsluis Jachthoorn,Jachthoorn 9,3223 HA Hellevoetsluis
Jumbo Helmond 2e Haagstraat,2e Haagstraat 42,5707 VK Helmond
Jumbo Helmond Azalealaan,Azalealaan 64,5701 CM Helmond
Jumbo Helmond Brandevoort,Huiskensstraat 2,5708 XA Helmond
Jumbo Helmond Brouwhorst,Brouwhorst 10,5704 EH Helmond
Jumbo Helmond Hoofdstraat,Hoofdstraat 168,5706 AP Helmond
Jumbo Helmond Wederhof,Wederhof 14,5709 CD Helmond
Jumbo Hendrik Ido Ambacht de Schoof,de Schoof 120,3341 EB Hendrik Ido Ambacht
Jumbo Hengelo Jumbo Klieverik,Dikkersplein 9,7553 CZ Hengelo
Jumbo Hengelo Leussink Binnenstad,Oude Molenweg 40,7551 HC Hengelo
Jumbo Hengelo Leussink Groot Driene,Willem de Merodestraat 40,7552 WZ Hengelo
Jumbo Hengelo Leussink Hasselo,Christiaan Langefeldstraat 29,7558 CW Hengelo
Jumbo Hengelo Woolderesweg,Woolderesweg 149,7555 LL Hengelo
Jumbo Heteren Teun van Blijderveen,Beemdhof 38,6666 DL Heteren
Jumbo Heythuysen Heerschap,Dorpsstraat 57b,6093 EB Heythuysen
Jumbo Hillegom Van Beest,Jonkheer Mockkade 6,2181 JH Hillegom
Jumbo Hilvarenbeek Hilverstraat,Hilverstraat 99,5081 AV Hilvarenbeek
Jumbo Hilversum Larenseweg,Larenseweg 155,1221 CL Hilversum
Jumbo Hilversum Van Dam & Schoonhoven,Stephensonlaan 45-49,Hilversum
Jumbo Hoevelaken Westerdorpsstraat,Westerdorpsstraat 23,3871 AT Hoevelaken
Jumbo Hoofddorp Marktlaan,Marktlaan 31,2132 DL Hoofddorp
Jumbo Hoofddorp Skagerrak,Skagerrak 204,2133 DW Hoofddorp
Jumbo Hoogerheide Paul Lucius,Raadhuisstraat 87,4631 NC Hoogerheide
Jumbo Hoogeveen Tamboerpassage,Tamboerpassage 1,7902 GK Hoogeveen
Jumbo Hoogezand Hoofdstraat,Hoofdstraat 258,9601 EN Hoogezand
Jumbo Hoogezand Jumbo Pleiaden,Pleiaden 11,9602 KD Hoogezand
Jumbo Hoogezand Meint Veningastraat,Meint Veningastraat 26-32,9601 KG Hoogezand
Jumbo Hoogvliet De Zalmplaat,in de Fuik 80,3192 HD Hoogvliet
Jumbo Houten Odijkseweg,Odijkseweg 57A,3994 AS Houten
Jumbo Houten Spoorhaag,Spoorhaag 129,3995 ED Houten
Jumbo Huissen Brink,Brink 14,6852 EE Huissen
Jumbo Huizen De Kostmand,De Kostmand 2,1276 CJ Huizen
Jumbo Hulst Stationsplein 22H,Stationsplein 22H,4561 GC Hulst
Jumbo Hulst Stationsplein 30,Stationsplein 30,4561 GC Hulst
Jumbo IJsselstein A. Langerak Achterveld,De Biezen 11,3401 GD IJsselstein
Jumbo IJsselstein De Clinckhoeff,De Clinckhoeff 2,3402 GB IJsselstein
Jumbo IJsselstein Televisiebaan,Televisiebaan 102,3402 VH IJsselstein
Jumbo Joure G. Knolweg,G. Knolweg 52A,8501 MK Joure
Jumbo Kaatsheuvel De Hoofdpoort,Hoofdpoort 22,5171 DN Kaatsheuvel
Jumbo Kaatsheuvel Poolsestraat,Poolsestraat 5,5171 DP Kaatsheuvel
Jumbo Kampen Hanzeplein,Hanzeplein 27,8262 WN Kampen
Jumbo Kampen Penningkruid,Penningkruid 25,8265 EX Kampen
Jumbo Kapelle Centrum,Weststraat 2,4421 AC Kapelle
Jumbo Kerkrade Centrum,Onze Lieve Vrouwestraat 5,6461 BM Kerkrade
Jumbo Kerkrade Kerkrade West,Carboonplein 6,6466 CX Kerkrade
Jumbo Klazienaveen Langestraat,Langestraat 500,7891 AX Klazienaveen
Jumbo Kollum Mr. Andreaestraat,Mr. Andreaestraat 16,9291 MA Kollum
Jumbo Kortenhoef Curtevenneweg,Curtevenneweg 2,1241 XZ Kortenhoef
Jumbo Koudekerke Vader,Badhuisstraat 6,4371 EL Koudekerke
Jumbo Krabbendijke Slingerland,Dorpsstraat 90,4413 CE Krabbendijke
Jumbo Krimpen aan den IJssel De Korf,De Korf 8b,2924 AH Krimpen aan den IJssel
Jumbo Krimpen aan den IJssel De Olm,De Olm 8,2925 CJ Krimpen aan den IJssel
Jumbo Kwintsheul De Raaphorst,De Raaphorst 4,2295 NZ Kwintsheul
Jumbo Lage Zwaluwe Pastoor van Hooijdonklaan,Pastoor van Hooijdonklaan 3,4926 CG Lage Zwaluwe
Jumbo Landgraaf Hoofdstraat,Hoofdstraat 146,6372 EN Landgraaf
Jumbo Landgraaf Op de Kamp,Vivaldipassage 5,6371 LL Landgraaf
Jumbo Landsmeer Johan Plemp,Nieuwe Gouw 3,1121 GW Landsmeer
Jumbo Laren Plein 1945,Plein 1945 3,1251 MA Laren
Jumbo Leek Industriepark,Industriepark 5R,9351 PA Leek
Jumbo Leek Waezenburglaan,Waezenburglaan 47,9351 HB Leek
Jumbo Leens De Marren,Nije Nering 2,9965 NA Leens
Jumbo Leerdam Westwal,Westwal 14F,4141 AP Leerdam
Jumbo Leeuwarden Eksterstraat,Eksterstraat 32,8916 BV Leeuwarden
Jumbo Leeuwarden Hoeksterpad,Hoeksterpad 1,8911 JV Leeuwarden
Jumbo Leeuwarden Johannes Kolfplein,Johannes Kolfplein 1,8923 CX Leeuwarden
Jumbo Leeuwarden Lieuwenburg,Lieuwenburg 165,8925 CJ Leeuwarden
Jumbo Leeuwarden Snekertrekweg,Snekertrekweg 23,8912 AA Leeuwarden
Jumbo Leeuwarden Van Loonstraat,Van Loonstraat 112,8932 AV Leeuwarden
Jumbo Leeuwarden Wisman Cambuurplein,Cambuurplein 66,8921 RG Leeuwarden
Jumbo Leeuwarden Zuiderburen,Kruisdobbe 4,8939 BB Leeuwarden
Jumbo Leiden Diamantplein,Diamantplein 55,2332 HT Leiden
Jumbo Leiden Stationsweg,Stationsweg 44,2312 AV Leiden
Jumbo Leidschendam Foodmarkt,Liguster 2,2262 AC Leidschendam
Jumbo Lelystad De Waag,Waagpassage 76,8232 DV Lelystad
Jumbo Lelystad Jumbo Dusselaar,Jol 37-01,8243 HP Lelystad
Jumbo Lelystad Van Leijen,Voorstraat 282,8226 HG Lelystad
Jumbo Lemmer Stationsweg,Stationsweg 4,8531 HH Lemmer
Jumbo Leusden De Biezenkamp,De Biezenkamp 5,3831 JA Leusden
Jumbo Leusden De Hamershof,'t Plein 29,3831 CR Leusden
Jumbo Lichtenvoorde Bennink,Van Heijdenstraat 17,7131 CA Lichtenvoorde
Jumbo Lienden Verbrughweg,Verbrughweg 16,4033 GP Lienden
Jumbo Lieshout Dorpsstraat,Dorpsstraat 54A,5737 GC Lieshout
Jumbo Lisse De Poelmarkt,Vivaldistraat 13,2162 AA Lisse
Jumbo Lochem Prins Bernhardweg,Prins Bernhardweg 24,7241 DH Lochem
Jumbo Loenen aan de Vecht Koster,Rijksstraatweg 127-129,3632 AB Loenen aan de Vecht
Jumbo Loosdrecht Nootweg,Nootweg 45,1231 CR Loosdrecht
Jumbo Losser De Brink,De Brink 46,7581 JB Losser
Jumbo Maarheeze Frank Simonis Maarheeze,Smits van Oyenlaan 2G,6026 CP Maarheeze
Jumbo Maartensdijk Jelle Farenhorst,Maertensplein 31,3738 GM Maartensdijk
Jumbo Maasbree Heierveldlaan,Heierveldlaan 10,5993 GD Maasbree
Jumbo Maassluis Lange boonestraat,Lange boonestraat 31,3142 CC Maassluis
Jumbo Maastricht Brusselsepoort,Brusselsepoort 19,6216 CE Maastricht
Jumbo Maastricht Franciscus Romanusweg,Franciscus Romanusweg 2D,6221 AE Maastricht
Jumbo Maastricht Laag Mosae Forum,Laag Mosae Forum 26,6211 DV Maastricht
Jumbo Maastricht Malbergsingel,Malbergsingel 74,6218 AV Maastricht
Jumbo Maastricht Roserije,Roserije 303,6228 DR Maastricht
Jumbo Maastricht Voltastraat,Voltastraat 7,6224 EK Maastricht
Jumbo Made Oswald en Sandy Hesselberth,Stationsstraat 19,4921 AC Made
Jumbo Makkum Lieuwkemastraat,Lieuwkemastraat 9,8754 BL Makkum
Jumbo Mariahout Mariastraat,Mariastraat 58,5738 AK Mariahout
Jumbo Marknesse Breestraat,Breestraat 29,8316 AN Marknesse
Jumbo Maurik Mostert,Raadhuisstraat 54,4021 EJ Maurik
Jumbo Meerssen Beekstraat,Beekstraat 2,6231 LG Meerssen
Jumbo Meerssen Kuilenstraat,Kuilenstraat 73,6231 AV Meerssen
Jumbo Meijel Kerkstraat,Kerkstraat 25,5768 BH Meijel
Jumbo Meppel Het Vledder,Marktstraat 16,7941 KR Meppel
Jumbo Meppel WC Koedijkslanden,Rembrandtplein 81,7944 GG Meppel
Jumbo Middelbeers 't Ven,'t Ven 1,5091 BN Middelbeers
Jumbo Middelburg Dauwendaele,Vrijlandstraat 51,4337 EB Middelburg
Jumbo Middelburg Johan van Reigersbergstraat,Johan van Reigersbergstraat 11,4336 XA Middelburg
Jumbo Middelburg Sir W. Churchilllaan,Sir W. Churchilllaan 49,4333 BB Middelburg
Jumbo Middelharnis Korendreef,Korendreef 24,3241 AS Middelharnis
Jumbo Moergestel Rootven,Rootven 38,5066 AX Moergestel
Jumbo Molenaarsgraaf Jumbo Meijerink,Dorpsstraat 5,2973 AB Molenaarsgraaf
Jumbo Monster Molenstraat,Molenstraat 9C,2681 BL Monster
Jumbo Montfoort Aarnoudse,Julianalaan 2,3417 GK Montfoort
Jumbo Naaldwijk Emmastraat,Emmastraat 6,2671 ET Naaldwijk
Jumbo Nederweert Heerschap,Kerkstraat 6a,6031 CH Nederweert
Jumbo Neede Leussink,Zwaluwstraat 11,7161 GX Neede
Jumbo Nes (Ameland) Hoge Eggenweg,Hoge Eggenweg 6,9163 JP Nes (Ameland)
Jumbo Nieuw Bergen Rembrandtplein,Rembrandtplein 2,5854 EM Nieuw Bergen
Jumbo Nieuw Vennep Van Vliet,De Symfonie 65,2151 ME Nieuw Vennep
Jumbo Nieuwe Niedorp Trambaan,Trambaan 69,1733 AX Nieuwe Niedorp
Jumbo Nieuwegein Laag Raadstede,Laag Raadstede 1,3431 LX Nieuwegein
Jumbo Nieuwegein Winkelcentrum Galecop,Winkelcentrum Galecop 7,3437 JV Nieuwegein
Jumbo Nieuwegein de Gaarde,Walnootgaarde 4A,3436 JA Nieuwegein
Jumbo Nieuwerkerk Schot,Polderweg 3,4306 BV Nieuwerkerk
Jumbo Nieuwerkerk ad IJssel Reigerhof,Reigerhof 113,2914 KE Nieuwerkerk ad IJssel
Jumbo Nieuwkoop Kennedyplein,Kennedyplein 1,2421 EN Nieuwkoop
Jumbo Nijkerk Molenplein,Molenplein 15,3862 JL Nijkerk
Jumbo Nijmegen Fenikshof,Fenikshof 3,6541 RW Nijmegen
Jumbo Nijmegen Grote Markt,Grote Markt 1-3,6511 KA Nijmegen
Jumbo Nijmegen Hatertseweg,Hatertseweg 835,6535 ZT Nijmegen
Jumbo Nijmegen Leuvensbroek,Leuvensbroek 1028,6546 XB Nijmegen
Jumbo Nijmegen Malvert,Malvert 7023,6538 DP Nijmegen
Jumbo Nijmegen Sint Jacobslaan,Sint Jacobslaan 500,6533 VZ Nijmegen
Jumbo Nijverdal Grotestraat,Grotestraat 135,7443 BE Nijverdal
Jumbo Nijverdal Kuperserf,Kuperserf 13,7443 HC Nijverdal
Jumbo Nistelrode Parkstraat,Parkstraat 10,5388 HS Nistelrode
Jumbo Noordwolde De Jong,Industriestraat 18,8391 AG Noordwolde
Jumbo Nootdorp Ellen en Erwin Steendam,Paradeplein 7,2632 GG Nootdorp
Jumbo Nuenen Kernkwartier,Hoge Brake 36-40,5672 GL Nuenen
Jumbo Nuenen Ton Grimberg,De Smidse 1,5671 EW Nuenen
Jumbo Nunspeet Industrieweg,Industrieweg 15,8071 CS Nunspeet
Jumbo Nuth Markt,Markt 21,6361 CB Nuth
Jumbo Odijk de Meent,de Meent 40C,3984 JK Odijk
Jumbo Oegstgeest Peter de Jong,Lange Voort 2F,2341 KA Oegstgeest
Jumbo Oegstgeest Rustenburgerpad,Rustenburgerpad 9,2342 CV Oegstgeest
Jumbo Oirsbeek Markt,Markt 20,6438 HB Oirsbeek
Jumbo Oirschot De Loop,De Loop 28,5688 EW Oirschot
Jumbo Oisterwijk Fabriekspad,Fabriekspad 1,5061 EW Oisterwijk
Jumbo Oisterwijk Pannenschuurplein,Pannenschuurplein 32,5061 WP Oisterwijk
Jumbo Oldenzaal Jumbo Kuipers,Deken Scholtenstraat 38-44,7572 ZA Oldenzaal
Jumbo Ommen Markt,Markt 22-24,7731 DB Ommen
Jumbo Oost-Souburg Oranjeplein,Oranjeplein 72,4388 AH Oost-Souburg
Jumbo Oostburg Centrum,Langestraat 1,4501 BR Oostburg
Jumbo Oosterhout Arkendonk,Arkendonk 36,4907 XT Oosterhout
Jumbo Oosterhout Nieuwe Bouwlingstraat,Nieuwe Bouwlingstraat 2,4901 KJ Oosterhout
Jumbo Oosterhout Zuiderhout,Zuiderhout 4-7a,4904 AS Oosterhout
Jumbo Oostkapelle Centrum,Dorpsstraat 20,4356 AJ Oostkapelle
Jumbo Oostzaan Westeinde,Westeinde 26,1511 MA Oostzaan
Jumbo Oss Kardinaal de Jongstraat,Kardinaal de Jongstraat 38,5348 BH Oss
Jumbo Oss Vierhoeksingel,Vierhoeksingel 7,5341 PN Oss
Jumbo Oss Wolfskooi,Wolfskooi 49,5345 MH Oss
Jumbo Oud Beijerland Koninginneplein,Koninginneplein 17,3261 AZ Oud Beijerland
Jumbo Oud-Gastel Jumbo Broos,Dorpsstraat 5,4751 AH Oud-Gastel
Jumbo Ouddorp Sperling,Molenweg 4,3253 AM Ouddorp
Jumbo Oude Pekela De Helling,De Helling 16,9665 JX Oude Pekela
Jumbo Ouderkerk ad Amstel Sluisplein,Sluisplein 41-46,1191 GV Ouderkerk ad Amstel
Jumbo Oudewater Blankestijn,Wagenerf 1,3421 JB Oudewater
Jumbo Panningen Jumbo Harald en Ilse van Beek,Kerkstraat 43,5981 CD Panningen
Jumbo Papendrecht Meent Passage,Meent Passage 4,3353 HH Papendrecht
Jumbo Papendrecht Westpolder,Jan van Goijenstraat 5,3351 JM Papendrecht
Jumbo Poeldijk Boere,Rijsenburgerweg 28,2685 EB Poeldijk
Jumbo Prinsenbeek Huub Miegielsen,Markt 14,4841 AC Prinsenbeek
Jumbo Purmerend Gildeplein,Gildeplein 58,1445 BM Purmerend
Jumbo Putte Tervoplein,Tervoplein 34,4645 HR Putte
Jumbo Putten Postweg,Postweg 4,3881 EC Putten
Jumbo Raalte Domineeskamp,Domineeskamp 6,8102 CC Raalte
Jumbo Raalte Kwartel,Kwartel 2,8103 EB Raalte
Jumbo Raamsdonksveer Boterpolderlaan,Boterpolderlaan 11,4941 ZL Raamsdonksveer
Jumbo Reeuwijk Miereakker,Miereakker 18,2811 BB Reeuwijk
Jumbo Renesse Pepels,Wilhelminaweg 1,4325 BD Renesse
Jumbo Reusel Markt,Markt 6,5541 EA Reusel
Jumbo Reusel Schoolstraat,Schoolstraat 19,5541 EE Reusel
Jumbo Rhenen Plantsoenstraat,Plantsoenstraat 69,3911 KA Rhenen
Jumbo Ridderkerk Ridderhof,Ridderhof 72,2981 ET Ridderkerk
Jumbo Rijen Hapers,Wilhelminaplein 20,5121 ES Rijen
Jumbo Rijssen Boomkamp,Boomkamp 34,7461 AX Rijssen
Jumbo Rijssen Veeneslagen,Laan Oud-Indiegangers 5,7463 CH Rijssen
Jumbo Roden Heerestraat,Heerestraat 92,9301 AH Roden
Jumbo Roermond Roersingelpassage,Roersingelpassage 5,6041 EE Roermond
Jumbo Roosendaal Lindenburg,Lindenburg 2-4,4707 CR Roosendaal
Jumbo Roosendaal Rembrandtgalerij,Rembrandtgalerij 103-109,4703 GX Roosendaal
Jumbo Roosendaal Streuvelslaan,Streuvelslaan 1A,4707 CH Roosendaal
Jumbo Roosendaal Van Beethovenlaan,Van Beethovenlaan 7,4702 KE Roosendaal
Jumbo Rosmalen Harry Coppensstraat,Harry Coppensstraat 55,5241 BE Rosmalen
Jumbo Rosmalen Pastoor van Thiellaan,Pastoor van Thiellaan 16-22,5246 BR Rosmalen
Jumbo Rosmalen Vreeburg,Vreeburg 10,5241 EJ Rosmalen
Jumbo Rotterdam Botersloot,Botersloot 13-19,3011 HE Rotterdam
Jumbo Rotterdam Gerrit Jan Mulderstraat,Gerrit Jan Mulderstraat 20,3023 RG Rotterdam
Jumbo Rotterdam Hillelaan,Hillelaan 77A,3072 JE Rotterdam
Jumbo Rotterdam Jumbo Drenkelford,Spinozaweg 293,3076 EP Rotterdam
Jumbo Rotterdam Keizerswaard,Keizerswaard 63,3078 AL Rotterdam
Jumbo Rotterdam Lage Land,Samuel Esmeijerplein 21,3067 AP Rotterdam
Jumbo Rotterdam Le Febre,Hesseplaats 435,3069 EA Rotterdam
Jumbo Rotterdam Nesselande,SicilliÃ«boulevard 402,3059 XT Rotterdam
Jumbo Rotterdam Schiedamseweg,Schiedamseweg 62,3025 AD Rotterdam
Jumbo Rotterdam Vijf Werelddelen,Vijf Werelddelen 33,3071 PS Rotterdam
Jumbo Sappemeer Noorderstraat,Noorderstraat 103,9611 AC Sappemeer
Jumbo Schagen Langestraat,Langestraat 9,1741 HB Schagen
Jumbo Schaijk Kapelanieplein,Kapelanieplein 2,5374 BX Schaijk
Jumbo Scheemda Vredenhovenstraat,Vredenhovenstraat 3,9679 AL Scheemda
Jumbo Scherpenzeel Mudde,Marktstraat 11,3925 JN Scherpenzeel
Jumbo Scheveningen Van Bergenstraat,Van Bergenstraat 7,2583 CS Scheveningen
Jumbo Schiedam 's-Gravenlandseweg,'s-Gravenlandseweg 406,3125 BK Schiedam
Jumbo Schijndel Rooiseheide,Rooiseheide 5,5481 SG Schijndel
Jumbo Schijndel Sint Jorisplein,Sint Jorisplein 4,5481 AS Schijndel
Jumbo Schoorl Heereweg,Heereweg 3,1871 EB Schoorl
Jumbo Sevenum Phicoop Sevenum,Horsterweg 64,5975 NB Sevenum
Jumbo Sittard Lemmens,Bremstraat 14-16,6134 TZ Sittard
Jumbo Sittard Limbrichterveld,Dempseystraat 38,6135 CH Sittard
Jumbo Sittard Romeinenstraat,Romeinenstraat 2,6132 GN Sittard
Jumbo Slagharen van der Schouw,Herenstraat 19,7776 AG Slagharen
Jumbo Sliedrecht Kerkbuurt,Kerkbuurt 41,3361 BC Sliedrecht
Jumbo Sliedrecht Populierenhof,Populierenhof 84,3363 HN Sliedrecht
Jumbo Sluis Sint Annastraat,Sint Annastraat 41,4524 JB Sluis
Jumbo Smilde Veenstate,Veenhoopsweg 21-4,9422 AB Smilde
Jumbo Sneek Jumbo Kooistra Tinga,Molenkrite 171,8608 WD Sneek
Jumbo Sneek Jumbo Kooistra centrum,Normandiaplein 4,8603 CS Sneek
Jumbo Soest Jumbo Arnaud van de Graaf Soest,Zuidpromenade 6,3768 EM Soest
Jumbo Someren Speelheuvelstraat,Speelheuvelstraat 5,5711 AS Someren
Jumbo Son en Breugel Nieuwstraat,Nieuwstraat 75-77,5691 AB Son en Breugel
Jumbo Spijkenisse Groenewoud,Groenewoud 6,3203 AM Spijkenisse
Jumbo Spijkenisse Hadewijchplaat,Hadewijchplaat 32,3207 KG Spijkenisse
Jumbo Spijkenisse Vlinderveen,Vlinderveen 436,3205 EM Spijkenisse
Jumbo Sprang-Capelle Van der Duinstraat,Van der Duinstraat 115,5161 BN Sprang-Capelle
Jumbo St. Annaland Bert Slingerland,Spuistraat 1,4697 BB St. Annaland
Jumbo St. Michielsgestel Nieuwstraat,Nieuwstraat 40,5271 AD St. Michielsgestel
Jumbo St. Nicolaasga Jan Altenburg,Molewei 1,8521 KD St. Nicolaasga
Jumbo St. Oedenrode Hertog Hendrikstraat,Hertog Hendrikstraat 1,5492 BA St. Oedenrode
Jumbo St. Oedenrode Pieter Christiaanstraat,Pieter Christiaanstraat 11,5491 JN St. Oedenrode
Jumbo St. Willebrord Kievitstraat,Kievitstraat 17,4711 KH St. Willebrord
Jumbo Stadskanaal Froukje Sloot,Beneluxlaan 6,9501 CT Stadskanaal
Jumbo Stadskanaal Poststraat,Poststraat 12-16A,9501 EP Stadskanaal
Jumbo Steenbergen Floraplein,Floraplein 2,4651 NC Steenbergen
Jumbo Steenwijk Jumbo Bert Vis,Steenwijkerdiep 61,8331 LP Steenwijk
Jumbo Stein Raadhuisplein,Raadhuisplein 42,6171 JC Stein
Jumbo Stiens Kooistra,St. Vitusplein 3-5,9051 BT Stiens
Jumbo Stiphout Dorpsstraat,Dorpsstraat 58D,5708 GJ Stiphout
Jumbo Stramproy Dr. Schaepmanstraat,Dr. Schaepmanstraat 3,6039 CP Stramproy
Jumbo Surhuisterveen Torenplein,Torenplein 27,9231 CG Surhuisterveen
Jumbo Ter Apel Nederveen Cappelstraat,Nederveen Cappelstraat 41,9561 KM Ter Apel
Jumbo Terheijden Hoofdstraat,Hoofdstraat 61,4844 CB Terheijden
Jumbo Terneuzen Lorentzlaan,Lorentzlaan 2,4532 KP Terneuzen
Jumbo Terneuzen Schuttershofweg,Schuttershofweg 10,4538 AA Terneuzen
Jumbo Terschelling Formerum,Formerum 16,8894 KE Terschelling
Jumbo Teteringen Scheperij,Scheperij 3,4847 EZ Teteringen
Jumbo Tiel De Kranshof,De Kranshof 3,4005 DE Tiel
Jumbo Tiel Westlede,Westledeplein 12,4006 BB Tiel
Jumbo Tilburg AaBe-straat,AaBe-straat 8,5021 AV Tilburg
Jumbo Tilburg Amer,Amer 13,5032 AZ Tilburg
Jumbo Tilburg Bart van Peltplein,Bart van Peltplein 1,5046 GA Tilburg
Jumbo Tilburg Broekhovenseweg,Broekhovenseweg 74,5021 LG Tilburg
Jumbo Tilburg Foodmarkt,Stappegoorweg 175,5022 DD Tilburg
Jumbo Tilburg Heyhoef,Heyhoefpromenade 11-17,5043 RA Tilburg
Jumbo Tilburg Lieve Vrouweplein,Lieve Vrouweplein 11-12,5038 TS Tilburg
Jumbo Tilburg Pater van de Elsenplein,Pater van de Elsenplein 35,5022 EG Tilburg
Jumbo Tilburg Pater van de Elsenplein,Pater van de Elsenplein 35,5022 EG Tilburg
Jumbo Tilburg Rosa Castellanosstraat,Rosa Castellanosstraat 5,5032 MG Tilburg
Jumbo Tilburg Wagnerplein,Wagnerplein 18,5011 LP Tilburg
Jumbo Tilburg Westermarkt,Westermarkt 38,5042 MD Tilburg
Jumbo Tolkamer 's-Gravenwaardsedijk,'s-Gravenwaardsedijk 78a,6916 AZ Tolkamer
Jumbo Twello Binnendijk,Michiel de Ruyterstraat 101,7391 CT Twello
Jumbo Uden Drossaard,Drossaard 14-18,5403 ET Uden
Jumbo Uden Losplaats,Losplaats 2,5404 NJ Uden
Jumbo Uden Muziekplein,Muziekplein 11,5402 CR Uden
Jumbo Udenhout Kreitenmolenstraat,Kreitenmolenstraat 149,5071 BC Udenhout
Jumbo Uitgeest Melis Stokelaan,Melis Stokelaan 1-3,1911 SM Uitgeest
Jumbo Uithoorn Peter de Jong,Zijdelwaardplein 60,1422 DN Uithoorn
Jumbo Uithuizen Oosterstraat,Oosterstraat 2,9981 CP Uithuizen
Jumbo Ulft Middelgraaf,Middelgraaf 4,7071 WT Ulft
Jumbo Ulvenhout Chaamseweg,Chaamseweg 1,4851 SM Ulvenhout
Jumbo Urk De Hofstee,Flevostraat 7A,8321 HH Urk
Jumbo Urk Jumbo Urkerhard,Nagel 60,8321 RG Urk
Jumbo Urmond Paalweg,Paalweg 14-15,6129 EZ Urmond
Jumbo Utrecht Biltstraat,Biltstraat 74,3572 BG Utrecht
Jumbo Utrecht City Twijnstraat,Twijnstraat 46,3511 ZL Utrecht
Jumbo Utrecht Foodmarkt,Brusselplein 15,3541 CH Utrecht
Jumbo Utrecht Franciscusdreef,Franciscusdreef 88,3565 AD Utrecht
Jumbo Utrecht Hammarskjoldhof,Hammarskjoldhof 61,3527 HD Utrecht
Jumbo Utrecht Ina Boudier Bakkerhof,Ina Boudier Bakkerhof 64,3582 VX Utrecht
Jumbo Utrecht Merelstraat,Merelstraat 46,3514 CN Utrecht
Jumbo Utrecht Nebraskadreef,Nebraskadreef 27,3565 AE Utrecht
Jumbo Utrecht Overkapel,Euterpedreef 10,3561 CV Utrecht
Jumbo Utrecht Rijnkade,Rijnkade 6,3511 LC Utrecht
Jumbo Utrecht Verlengde Houtrakgracht,Verlengde Houtrakgracht 349,3544 EB Utrecht
Jumbo Vaassen Hamer,Kosterstraat 3,8171 CB Vaassen
Jumbo Valkenswaard Leenderweg,Leenderweg 120,5555 CG Valkenswaard
Jumbo Valkenswaard Nieuwe Waalreseweg,Nieuwe Waalreseweg 93,5552 EE Valkenswaard
Jumbo Valkenswaard Willibrorduslaan,Willibrorduslaan 21,5552 HA Valkenswaard
Jumbo Veen Duijzer,Groeneweg 1,4264 RN Veen
Jumbo Veendam Sorghvliet,De Reede 9-10,9642 MA Veendam
Jumbo Veenendaal Dr. Slotenmaker de Bruinestr,Dr. Slotenmaker de Bruinestr 20,3904 CB Veenendaal
Jumbo Veenendaal Huibers,Prins Willem-Alexanderpark 617,3905 CT Veenendaal
Jumbo Veenendaal Petenbos,Paddestoelenlaan 40,3903 GG Veenendaal
Jumbo Veenendaal Ronde Erf,Ronde Erf 66,3902 CZ Veenendaal
Jumbo Veghel De Bunders,De Bunders 68,5467 JZ Veghel
Jumbo Veghel Foodmarkt,Verlengde Noordkade 14,5462 EH Veghel
Jumbo Veghel Stationsstraat,Stationsstraat 11,5461 JS Veghel
Jumbo Veldhoven Burg. van Hoofflaan,Burg. van Hoofflaan 12,5503 BN Veldhoven
Jumbo Veldhoven Citycentrum,Pleintjes 122,5501 EC Veldhoven
Jumbo Velp IJsselstraat,IJsselstraat 30,6882 LG Velp
Jumbo Venlo Benders,Straelseweg 183,5914 AL Venlo
Jumbo Venlo Blerick Benders,Vossenerlaan 78,5924 AG Venlo
Jumbo Venlo Blerick De Wieën,WieÃ«npassage 40,5921 GD Venlo
Jumbo Venlo Monseigneur Nolensplein,Monseigneur Nolensplein 54,5911 GG Venlo
Jumbo Venlo Tegelpoort,Tegelpoort 1,5911 DM Venlo
Jumbo Venlo Vinckenhofstraat,Vinckenhofstraat 90,5913 EG Venlo
Jumbo Venray De Bleek,De Bleek 30,5801 MD Venray
Jumbo Venray Winters Kiosk,Kiosk 185,5802 NV Venray
Jumbo Venray Winters Veltumse Kleffen,Veltumse Kleffen 48,5801 SH Venray
Jumbo Vianen Gerrit van Bruchem,Lijnbaan 7,4132 CB Vianen
Jumbo Vinkeveen Plevierenlaan,Plevierenlaan 7,3645 GN Vinkeveen
Jumbo Vlaardingen Wuijts,De Loper 2,3136 CN Vlaardingen
Jumbo Vlagtwedde Dr. P. Rinsemastraat,Dr. P. Rinsemastraat 4,9541 AL Vlagtwedde
Jumbo Vlijmen Oliemaat,Oliemaat 4-5,5251 AG Vlijmen
Jumbo Vlijmen Plein,Plein 16,5251 AT Vlijmen
Jumbo Vlissingen Hermesweg,Hermesweg 25,4382 ND Vlissingen
Jumbo Vlissingen Papegaaienburg,Papegaaienburg 5,4386 DA Vlissingen
Jumbo Vlissingen Vader,Van Hogendorpweg 93,4384 HD Vlissingen
Jumbo Volkel Schakelplein,Schakelplein 16,5408 AW Volkel
Jumbo Voorburg Julianaplein,Jacob van den Eyndestraat 14,2274 VZ Voorburg
Jumbo Voorschoten van Vliet,Planciusplantsoen 25,2253 TS Voorschoten
Jumbo Voorthuizen Hoofdstraat,Hoofdstraat 155C,3781 AD Voorthuizen
Jumbo Vriezenveen Fikkert,Krijgerstraat 74,7671 XZ Vriezenveen
Jumbo Vroomshoop Veld,Linderflier 25c,7681 ZK Vroomshoop
Jumbo Vught Moleneindplein,Moleneindplein 109,5262 CM Vught
Jumbo Vught Vughtse Hart,Raadhuisstraat 3G,5261 EH Vught
Jumbo Waalwijk Grotestraat,Grotestraat 358,5142 CD Waalwijk
Jumbo Waalwijk Professor Asserweg,Professor Asserweg 5,5144 NC Waalwijk
Jumbo Waddinxveen Gouweplein,Promenade 89,2741 NL Waddinxveen
Jumbo Wageningen Verberne,Tarthorst 1223,6708 HZ Wageningen
Jumbo Wanssum Burg. de Weichshavenstraat,Burg. de Weichshavenstraat 1,5861 AX Wanssum
Jumbo Wassenaar Jumbo Mark Blaauw Luifelbaan,Luifelbaan 1,2242 KT Wassenaar
Jumbo Wateringen Vliethof,Vliethof 6,2291 RX Wateringen
Jumbo Weert Heerschap Boshoven,Boshoverweg 59,6002 AM Weert
Jumbo Weert Heerschap Collegeplein,Collegeplein 11,6001 HN Weert
Jumbo Weert Heerschap Leuken,Sint Jobplein 2,6004 JZ Weert
Jumbo Weert Heerschap Moesel,Oranjeplein 225,6006 CX Weert
Jumbo Westerbork Vinke,Burg. G van Weezelplein 8,9431 AG Westerbork
Jumbo Westerhaar Veld,Kervelplein 45,7676 DA Westerhaar
Jumbo Westervoort Jan Heemskerk,Broeklanden 8,6391 XS Westervoort
Jumbo Wierden Dikkensweg,Dikkensweg 10,7641 CC Wierden
Jumbo Wijchen Herenstraat,Herenstraat 17,6602 BA Wijchen
Jumbo Wijchen Zuiderpoort,Zuiderpoort 12-14,6605 HN Wijchen
Jumbo Wijk Bij Duurstede De Heul,Madelinushof 2,3962 DP Wijk Bij Duurstede
Jumbo Wijk bij Duurstede Langbroekseweg,Langbroekseweg 3,3962 EH Wijk bij Duurstede
Jumbo Wijk en Aalburg C. Duijzer,Markt 67,4261 DC Wijk en Aalburg
Jumbo Willemstad Achterstraat,Achterstraat 3,4797 AP Willemstad
Jumbo Wilnis WC Veenzijde,Molmlaan 2,3648 XK Wilnis
Jumbo Winschoten Van der Weele,Heemskerkstraat 56,9675 BN Winschoten
Jumbo Winssen Leegstraat,Leegstraat 7c,6645 BA Winssen
Jumbo Winterswijk Europalaan,Europalaan 105,7102 AC Winterswijk
Jumbo Woerden Polanen,La Fontaineplein 19,3446 BX Woerden
Jumbo Woerden Stef Bijlsma,Tournoysveld 92,3443 EW Woerden
Jumbo Woerden Van Well,Molenvlietbrink 18,3448 HM Woerden
Jumbo Wolvega Markt,Markt 31,8471 AS Wolvega
Jumbo Wommels Terp,Terp 11,8731 AX Wommels
Jumbo Woudenberg 't Schilt,'t Schilt 18,3931 VH Woudenberg
Jumbo Wouw Kloosterstraat,Kloosterstraat 8,4724 EE Wouw
Jumbo Zaltbommel Fiep Westendorpplein,Fiep Westendorpplein 12,5302 TA Zaltbommel
Jumbo Zeeland Kerkstraat,Kerkstraat 47,5411 EA Zeeland
Jumbo Zeist Johan van Oldenbarneveltlaan,Johan van Oldenbarneveltlaan 96,3705 HK Zeist
Jumbo Zeist Korte Steijnlaan,Korte Steijnlaan 2,3701 EX Zeist
Jumbo Zeist Laan van Vollenhove,Laan van Vollenhove 2785-3001,3706 AL Zeist
Jumbo Zelhem Bergstraat,Bergstraat 1,7021 XG Zelhem
Jumbo Zetten Teun van Blijderveen,Julianaplein 8,6671 CA Zetten
Jumbo Zevenaar van Heemskerk Kampsingel,Kampsingel 7,6901 JC Zevenaar
Jumbo Zevenaar van Heemskerk Oldebarneveldtlaan,van Oldebarneveldtlaan 34,6904 BD Zevenaar
Jumbo Zevenbergen Zandberg,Zandberg 4,4761 TW Zevenbergen
Jumbo Zevenhuizen Dorpsstraat,Dorpsstraat 129,2761 AL Zevenhuizen
Jumbo Zoetermeer Groenblauwlaan,Groenblauwlaan 109,2718 GH Zoetermeer
Jumbo Zoetermeer Kentgensplein,Kentgensplein 3,2717 HS Zoetermeer
Jumbo Zoetermeer Middelwaard,Middelwaard 52,2716 CW Zoetermeer
Jumbo Zoetermeer Oosterheemplein,Oosterheemplein 548,2721 NJ Zoetermeer
Jumbo Zoetermeer Quirinegang,Quirinegang 201,2719 CH Zoetermeer
Jumbo Zoetermeer Ruijter Leidsewallen,Meeuwenveld 8,2727 AK Zoetermeer
Jumbo Zoeterwoude Jan Versluis,Dorpsstraat 34,2381 EN Zoeterwoude
Jumbo Zoutelande van den Berg,Westkapelseweg 10,4374 BB Zoutelande
Jumbo Zuidlaren Stationsweg,Stationsweg 8,9471 GR Zuidlaren
Jumbo Zuidwolde Termeulen,Wethouder Klunderstraat 16,7921 HR Zuidwolde
Jumbo Zutphen Rudolf Steinerlaan,Rudolf Steinerlaan 47,7207 PV Zutphen
Jumbo Zutphen Ruys de Beerenbrouckstraat,Ruys de Beerenbrouckstraat 14,7204 MN Zutphen
Jumbo Zwaagdijk-Oost Zwaagdijk,Zwaagdijk 227F,1684 NG Zwaagdijk-Oost
Jumbo Zwijndrecht Walburg,Brabant 1,3332 GG Zwijndrecht
Jumbo Zwolle Assendorperstraat,Assendorperstraat 71,8012 DG Zwolle
Jumbo Zwolle De Dobbe,De Dobbe 3,8032 JV Zwolle
Jumbo Zwolle Groeneveld,Bachplein 14,8031 HR Zwolle
Jumbo Zwolle Kerssies,Hogenkampspassage 10,8022 EL Zwolle
Jumbo Zwolle Nagelmaeker,Wade 102,8043 LS Zwolle
Jumbo Zwolle Sellekamp,Sellekamp 26,8014 DR Zwolle
Jumbo Zwolle Veemarkt,Veemarkt 20,8011 AH Zwolle
Jumbo Zwolle Westenholte,Petuniaplein 23,8042 AV Zwolle
Jumbo s-Gravendeel van der Hoek,Kerkstraat 37,3295 BD s-Gravendeel
Jumbo s-Gravenzande Hart van s-Gravenzande,Graaf Willem II straat 10,2691 MW s-Gravenzande
Jumbo s-Heerenberg Stadsplein,Stadsplein 71,7041 JE s-Heerenberg
